{
  "SourceId": "lod",
  "LabSeries": [],
  "LabProfiles": [
    {
      "Id": 65939,
      "SourceUrl": "https://labondemand.com/LabProfile/65939",
      "SeriesId": 16504,
      "Name": "Getting Started Lab Template",
      "Number": "T-004",
      "PlatformId": -1,
      "LanguageId": 1,
      "DevelopmentStatusId": 1,
      "Level": 100,
      "DurationMinutes": 60,
      "Description": "Getting Started Lab Template. \r\n\r\nMeta tags:",
      "Objective": null,
      "Scenario": null,
      "Enabled": true,
      "HasContent": true,
      "ContentVersion": 2,
      "ShowNavigationPane": true,
      "ShowExerciseNumbers": false,
      "AllowCancel": true,
      "AllowSave": true,
      "EnableAutoSave": true,
      "LastConsoleSyncTimeoutMinutes": 15,
      "LastActivityTimeoutMinutes": 60,
      "MinimumAutoSaveTimeInvestment": 5,
      "MinimumSavedLabTimeRemaining": 20,
      "MaxSnapshots": 0,
      "Errata": null,
      "NetworkDiagramImageUrl": null,
      "HasVirtualMachinePool": false,
      "Networks": [],
      "Machines": [],
      "RemovableMediaIds": [],
      "Exercises": [],
      "MachinePool": [],
      "MachinePoolMembers": [],
      "Resources": [],
      "ContainerImages": [],
      "ContainerNetworks": [],
      "CloudPortalCredentialProfilesJson": "[]",
      "LifeCycleActions": [],
      "CloudSubscriptionInstancePolicies": [],
      "CloudResourceGroups": [],
      "CloudCredentialPoolAssignments": [],
      "Activities": [],
      "MinInstanceStorageGb": 20,
      "AllowTimeExtensions": true,
      "AllowExtendExpiration": 0,
      "Ram": 0,
      "NavigationBarWidth": 400,
      "TaskBarHeight": 70,
      "PreinstanceBatchSize": 1,
      "PreinstanceStockLevel": 0,
      "SavePreinstances": true,
      "PreinstanceSaveDelaySeconds": 0,
      "ShowContentTab": true,
      "ShowMachinesTab": true,
      "ShowSupportTab": true,
      "IsExam": false,
      "ExamPassingScore": 70,
      "EndUrl": null,
      "OwnerName": null,
      "OwnerEmail": null,
      "RequireHyperVEnhancedController": false,
      "CustomContentTabLabel": null,
      "CustomMachinesTabLabel": null,
      "CustomSupportTabLabel": null,
      "CloudPlatform": null,
      "IntroductionContentUrl": null,
      "IntroductionContentMinimumDisplaySeconds": null,
      "AnonymousLaunchExpires": null,
      "AnonymousSaveMaxDays": 7,
      "AnonymousSaveMaxSessions": 5,
      "ShowTimer": true,
      "CustomCssUrl": null,
      "CustomCss": null,
      "StorageLoadingPriority": 20,
      "InheritStorageAvailability": true,
      "CloudSubscriptionPoolId": null,
      "EnableNavigationWarning": true,
      "ShowVirtualMachinePowerOptions": true,
      "StartStateDirectoryPath": null,
      "CustomErrataLabel": null,
      "EnableInstanceLinkSharing": false,
      "ExpectedDurationMinutes": 60,
      "EnableCopyPaste": true,
      "LtiOutcomeScoringPolicy": 0,
      "LtiOutcomeScoringFormat": 0,
      "LtiOutcomePassingScoreMinutes": 15,
      "LtiOutcomePassingScoreTaskCompletePercentage": 70,
      "DefaultVirtualMachineProfileId": null,
      "DefaultVirtualMachineLabPoolProfileId": null,
      "DefaultResourceId": null,
      "NumVirtualMachines": 0,
      "NumPublicIpAddresses": 0,
      "RequiresNestedVirtualization": false,
      "PremiumPrice": 3.2500,
      "CustomPremiumPrice": null,
      "ExpectedCloudCost": null,
      "CloudPortalUrl": null,
      "OverrideCloudPortalUrl": false,
      "EnableAutomaticPortalLogin": false,
      "Instructions": "> [challenge-name]: Getting Started with [Title]\n\n !INSTRUCTIONS[](https://raw.githubusercontent.com/LODSContent/Public-Templates/master/General/itpc-getting-started.md)\n\n\n> [overview]: This hands-on lab has been designed to help you acquire and verify the baseline skills and knowledge you need to successfully complete the [YourChallengeSeriesName] challenge series.\n\n===\n# Introduction\nThe introduction contains an abstract, which is written in a prescribed style.\nIn this lab, you will xxx. First, you will xxx. Next, you will xxx. Finally, you will xxx.\n\nIn this lab, you will xxx. First, you will xxx, and then you will xxx. Next, you will xxx, and then you will xxx. Finally, you will xxx, and then you will xxx.  \n\nIf appropriate, write a second paragraph that describes any key features of the technology that is featured in the lab.\n\n####Example\nIn this lab, you will configure an Active Directory&reg; infrastructure. First, you will promote a server to a read-only domain controller, and then you will configure a domain-wide password replication policy.  Next, you will configure multiple user principal name suffixes, and then you will assign them to users. Finally, you will configure an Active Directory backup, and then you will restore deleted objects to Active Directory.\n\nIn this lab, you will configure a Windows&reg; Server core network. First, you will verify IPv4 connectivity and DNS resolution, and then you will establish Dynamic Host Configuration Protocol (DHCP) failover. Next, you will configure a Domain Name System (DNS) secondary zone, and then you will configure Web Application Proxy (WAP). Finally, you will configure a virtual private network (VPN) connection, and then you will configure a Distributed File System (DFS) namespace and DFS replication.\n\n## Understand your environment\nProvide a brief summary of the virtual machines or the online services that will be used in the lab. \n\nExample:\n\nIn this lab, you will use an Azure virtual machine named LabVM that has been provisioned for you. \n\nIn this lab, you will use a Windows Server 2016 domain controller named DC01 and a Windows Server 2019 server named SVR01.\n\n===\n\n# Task heading\n\nAbstract. Each task must have a one sentence abstract that summarizes what users will do in the task. Use the following format:\nIn this task, you will xxx, and then you will xxx.\n\n1. [] Write steps by using a where / what / why format. \n\n    >[!knowledge] If users needs to move to a different part of the screen, tell them *where* they need to start. This part of the structure is optional. If the reason for the action is not obvious, tell users *why* they are performing the action. \n\n1. [] On the DemoVM blade, select **Connect**, and then download the RDP file.\n\n1. [] Select **Mount Storage** to mount the storage using the file share named shell.\n\n1. [] In the Cloud Shell region, select **East US**.\n\n    >[knowledge] A getting started lab is your chance to teach. Use knowledge blocks to share your knowledge with users. Provide a few sentences that explain the technology used in a step.\n\n===\n\n# Task heading\n\nAbstract\n\n1. []\n\n1. [] \n\n===\n\n# Exercise heading\nIf you have a group of related tasks, you may want to group them into an exercise. Provide an exercise heading that reflects the overall goal of all the related tasks, and then write an abstract.\n\nIn this exercise, you will [state the overall goal of the exercise]. First, you will [state the outcome of the first task]. Next, you will [state the outcome of the second task]. Finally, you will [state the outcome of the third task], and then you will [state the outcome of the fourth task, as appropriate].\n\n## Task heading\n\nIn this task, you will [state what users will do in this task].\n\n1. [] Note the use of heading two in this heading. Because it is placed on the same page as the exercise heading and abstract, you will use the heading two format instead of the heading one format.\n\n1. [ ] xxx\n\n    >[!note] When using notes, tips, alerts, knowledge blocks, and images, indent the item four spaces - or press Tab once. This will preserve the auto numbering in the task.\n\n===\n\n## Task heading\n\nIn this task, you will ...\n\n1. [] \n\n1. [] \n\n===\n\n# Summary\n\nCongratulations, you have completed the **Getting Started with [your lab topic]** lab.\n\nYou have accomplished the following:\n\n- Task one summary.\n- Task two summary.\n\n#### Summary examples\nThe following examples show you how to write a summary point. You can delete the examples after reviewing the writing style.\n- Managed Active Directory group membership by using Group Policy.\n- Enumerated Active Directory group membership by using Windows PowerShell.\n- Created Office 365 user accounts.\n- Created an Office 365 group.\n\n#Think you know it? Prove it!\n\nNow, validate your skills and knowledge by completing the [PowerShell challenge series](include the URL for your challenge series).\n\n\n!instructions[](https://raw.githubusercontent.com/LODSContent/ChallengeTemplates/master/Boilerplate/Feedback-lab.md)\n",
      "AppendLabDataToCloudPortalUrl": false,
      "TerminateOnFailedDeployment": false,
      "SendNotificationOnFailedDeployment": true,
      "EnableTaskProgressTracking": false,
      "EnableTaskAutoChecking": true,
      "TimeExtensionMinutes": 15,
      "TimeExtensionShowNotificationMinutes": 10,
      "ExamScoringItems": [],
      "EnableBugReporting": false,
      "BugReportEmailAddress": null,
      "DisplayDelaySeconds": null,
      "DisplayDelayMessage": null,
      "MaxActiveLabInstances": null,
      "ThemeId": 2,
      "LabTags": [],
      "LabHostTags": [],
      "VariablesJson": null,
      "InstructionsReplacementsJson": null,
      "NumVcpus": 0
    }
  ],
  "VirtualMachineProfiles": [],
  "RemovableMedia": [],
  "CloudTemplates": [],
  "AccessControlPolicies": [],
  "ContainerImages": []
}