{
  "SourceId": "lod",
  "LabSeries": [],
  "LabProfiles": [
    {
      "Id": 59522,
      "SourceUrl": "https://labondemand.com/LabProfile/59522",
      "SeriesId": 16504,
      "Name": "Expert Challenge Template",
      "Number": "T-003",
      "PlatformId": -1,
      "LanguageId": 1,
      "DevelopmentStatusId": 1,
      "Level": 100,
      "DurationMinutes": 60,
      "Description": null,
      "Objective": null,
      "Scenario": null,
      "Enabled": true,
      "HasContent": true,
      "ContentVersion": 2,
      "ShowNavigationPane": true,
      "ShowExerciseNumbers": false,
      "AllowCancel": false,
      "AllowSave": true,
      "EnableAutoSave": true,
      "LastConsoleSyncTimeoutMinutes": 15,
      "LastActivityTimeoutMinutes": 60,
      "MinimumAutoSaveTimeInvestment": 5,
      "MinimumSavedLabTimeRemaining": 20,
      "MaxSnapshots": 0,
      "Errata": null,
      "NetworkDiagramImageUrl": null,
      "HasVirtualMachinePool": false,
      "Networks": [],
      "Machines": [],
      "RemovableMediaIds": [],
      "Exercises": [],
      "MachinePool": [],
      "MachinePoolMembers": [],
      "Resources": [],
      "ContainerImages": [],
      "ContainerNetworks": [],
      "CloudPortalCredentialProfilesJson": "[]",
      "LifeCycleActions": [],
      "CloudSubscriptionInstancePolicies": [],
      "CloudResourceGroups": [],
      "CloudCredentialPoolAssignments": [],
      "Activities": [
        {
          "Id": 11499,
          "Name": "SampleScriptOne",
          "ReplacementTokenAlias": "YourFirstCheck",
          "Type": 40,
          "Text": null,
          "CaseSensitive": false,
          "Scored": true,
          "PartialScore": false,
          "ScoreValue": 1,
          "Required": false,
          "BlocksNavigation": false,
          "BlocksNavigationUntilPassed": false,
          "OnDemandEvaluation": true,
          "OnDemandEvaluationButtonText": null,
          "AllowRetry": true,
          "CorrectResponse": null,
          "IncorrectResponse": null,
          "TextAnswer": null,
          "DisplayScriptsAsTaskList": true,
          "Answers": [],
          "Scripts": [
            {
              "Id": 7477,
              "Text": "Second verification script",
              "ScoreValue": 1,
              "TargetId": 0,
              "Language": 0,
              "Script": "<!--- Add the date and any comments about the script--->",
              "CorrectResponse": null,
              "IncorrectResponse": null,
              "SortIndex": 0
            }
          ]
        },
        {
          "Id": 11500,
          "Name": "SampleScriptTwo",
          "ReplacementTokenAlias": "YourSecondCheck",
          "Type": 40,
          "Text": null,
          "CaseSensitive": false,
          "Scored": true,
          "PartialScore": false,
          "ScoreValue": 3,
          "Required": false,
          "BlocksNavigation": false,
          "BlocksNavigationUntilPassed": false,
          "OnDemandEvaluation": true,
          "OnDemandEvaluationButtonText": null,
          "AllowRetry": true,
          "CorrectResponse": null,
          "IncorrectResponse": null,
          "TextAnswer": null,
          "DisplayScriptsAsTaskList": true,
          "Answers": [],
          "Scripts": [
            {
              "Id": 7478,
              "Text": "Verify completion of xx configuration",
              "ScoreValue": 2,
              "TargetId": 0,
              "Language": 0,
              "Script": "<!---Place date and comments here--->\n",
              "CorrectResponse": null,
              "IncorrectResponse": null,
              "SortIndex": 0
            },
            {
              "Id": 7480,
              "Text": "Verify completion of yy configuration",
              "ScoreValue": 1,
              "TargetId": 0,
              "Language": 0,
              "Script": "<!---Place date and comments here--->",
              "CorrectResponse": null,
              "IncorrectResponse": null,
              "SortIndex": 1
            }
          ]
        }
      ],
      "MinInstanceStorageGb": 20,
      "AllowTimeExtensions": true,
      "AllowExtendExpiration": 0,
      "Ram": 0,
      "NavigationBarWidth": 400,
      "TaskBarHeight": 70,
      "PreinstanceBatchSize": 1,
      "PreinstanceStockLevel": 0,
      "SavePreinstances": true,
      "PreinstanceSaveDelaySeconds": 0,
      "ShowContentTab": true,
      "ShowMachinesTab": true,
      "ShowSupportTab": true,
      "IsExam": true,
      "ExamPassingScore": 3,
      "EndUrl": null,
      "OwnerName": null,
      "OwnerEmail": null,
      "RequireHyperVEnhancedController": false,
      "CustomContentTabLabel": null,
      "CustomMachinesTabLabel": null,
      "CustomSupportTabLabel": null,
      "CloudPlatform": 10,
      "IntroductionContentUrl": null,
      "IntroductionContentMinimumDisplaySeconds": null,
      "AnonymousLaunchExpires": null,
      "AnonymousSaveMaxDays": 0,
      "AnonymousSaveMaxSessions": null,
      "ShowTimer": true,
      "CustomCssUrl": null,
      "CustomCss": null,
      "StorageLoadingPriority": 20,
      "InheritStorageAvailability": true,
      "CloudSubscriptionPoolId": null,
      "EnableNavigationWarning": true,
      "ShowVirtualMachinePowerOptions": true,
      "StartStateDirectoryPath": null,
      "CustomErrataLabel": null,
      "EnableInstanceLinkSharing": false,
      "ExpectedDurationMinutes": 60,
      "EnableCopyPaste": true,
      "LtiOutcomeScoringPolicy": 0,
      "LtiOutcomeScoringFormat": 0,
      "LtiOutcomePassingScoreMinutes": 15,
      "LtiOutcomePassingScoreTaskCompletePercentage": 70,
      "DefaultVirtualMachineProfileId": null,
      "DefaultVirtualMachineLabPoolProfileId": null,
      "DefaultResourceId": null,
      "NumVirtualMachines": 0,
      "NumPublicIpAddresses": 0,
      "RequiresNestedVirtualization": false,
      "PremiumPrice": 3.2500,
      "CustomPremiumPrice": null,
      "ExpectedCloudCost": null,
      "CloudPortalUrl": "https://portal.azure.com",
      "OverrideCloudPortalUrl": false,
      "EnableAutomaticPortalLogin": false,
      "Instructions": "<!---6/30/2020--->\n\n<!---At the beginning of each challenge, include a comment that contains the initial creation date, all revision dates, and a description of the reason for the revision.--->\n\n<!---Expert challenge definition\n\nAn expert challenge is intended for learners who want to test themselves to find gaps in knowledge and skill. This is a true, activity-based assessment. Each expert challenge contains a series of 3-8 related tasks that focus on real-world skills. Each advanced challenge should take an average learner 60 minutes to complete, on average.\n\nLearners are provided with task-based instructions that contain the input required to complete the task; however, learners are not provided with any information on how to complete the task. Each challenge is scored after all tasks are completed.\n--->\n\n\n!INSTRUCTIONS[expert](https://raw.githubusercontent.com/LODSContent/Public-Templates/master/General/itpc-expert.md)\n\n> [challenge-name]: Can You [Your Challenge Title]?\n\n<!--- An advanced or expert challenge title is phrased in the form of a question and begins with the words “Can You …?” The title should reflect the key skills being tested in the challenge.\n\nExamples\nCan You Maintain an Active Directory Domain Services Database?\nCan You Implement and Manage Group Policy?\nCan You Establish Connectivity for Internet-Based Clients?\nCan You Configure a Resilient Enterprise That Has Mobile Clients?\n--->\n\n>[overview]:\n>\n>## Understand the scenario\n>\n>You are a xxx. You need to xxx. First, you will xxx, and then you will xxx. Next, you will xxx, and then you will xxx. Finally, you will xxx, and then you will xxx.\n> \n>\n>## Understand your environment\n>\n>You will be using xxx.\n\n<!---The Understand the scenario section \nThe challenge overview appears on the title page, under the challenge title, and contains a description of the challenge scenario and a summary of the challenge environment. Learners must select the overview in order to display the contents, so some learners may not read this information.\n\nEach challenge contains an introductory paragraph that defines the job role, the requirements of the challenge, and the tasks the learner will perform. \n\nThe opening sentence should state a possible job role associated with the tasks in the challenge. This is your opportunity to add some context to the challenge. \n\nOpening sentence examples\n-\tYou are a database administrator.\n-\tYou are a systems administrator.\n-\tYou are a Microsoft 365 administrator.\n\nThe second sentence should be in the form of a requirements statement that describes the overall goal of the challenge. Use the phrase “You need to…” to begin your requirements statement. The requirements statement should relate to the title.\n\nDo not use phrases like:\n- Your boss has tasked you with…\n- The CIO wants you to…\n- You have been asked to…\n\nInstead, use the phrase \"you need to\" to introduce the main requirement of the challenge.\n\nRequirements statement examples\n-\tYou need to configure storage for files that are used by a web application.\n-\tYou need to create a new test virtual machine that is based on an existing managed disk.\n-\tYou need to add users to your organization’s Microsoft 365 tenant.\n\nThe outcome, often referred to as the abstract, states what a learner will do in the challenge. You write the abstract by using the following style: \n-\t“First, you will…Next, you will…Finally, you will….”\n-\t“First, you will…, and then you will …. Next, you will…, and then you will…. Finally, you will…, and then you will….\n\nThis structure is mandatory and works well for three to six tasks. It is an easy fit for a challenge, since the average challenge contains three to six tasks.\n\nTake a look at your headings and your summary points, and then turn these into sentences. After you have completed your challenge, make sure that you review your overview to ensure that the it still reflects the final tasks in the challenge.\n\nAbstract examples\n-\tFirst, you will create accounts for users, and then you will assign licenses to the accounts. Next, you will create a security group, and then you will add the users to the group. Finally, you will remove a user’s license.\n-\tFirst, you will create an S3 bucket, and then you will enable versioning. Next, you will configure the bucket as a website that allows public access. Finally, you will upload the website files.\n-\tFirst, you will define a hub site by using the SharePoint admin center. Next, you will create a new site collection, and then you will associate it with the new hub. Finally, you will modify the default site permissions.\nThe following text is an example of an abstract (scenario) that uses the correct format \n\nComplete understand the scenario example\n\nYou are a Microsoft&reg; 365 administrator. You need to run a pilot project to refine Office 365 management processes and practices. First, you will create pilot user accounts, assign licenses, and configure security groups by using bulk management techniques. Next, you will configure password policies, and then you will manage roles. Finally, you will configure email compliance by using Exchange Online, and then you will create a new communication site by using SharePoint Online.\n\n--->\n\n<!---The Understand your environment section should contain one or two sentences that describe the technical environment used in the challenge. Keep this simple!\n\nUse the phrase “You will be using …” when writing about the environment.\n\n- In a challenge that uses virtual machines, state the names of the virtual machines and, if needed, the operating systems installed on the virtual machines.\n- In a challenge that uses services, state the services that have been created by using a script. Only include services that the learner will need to use to complete the challenge.\n\nUnderstand your environment samples\nYou will be using a virtual machine named DC01 that runs Windows&reg; Server 2019.\nYou will be using a pre-configured Azure resource group named @lab.CloudResourceGroup(RG1).Name.\nYou will be using a Windows Server 2016 domain controller named DC01.\n\n--->\n\n===\n# Task 1\n - Step one.\n\n - Step two.\n\n<!--- **IMPORTANT** - Provide step-by-step instructions and any PowerShell or Bash scripts that are needed. This tells the tech reviewer what you intended, and saves a LOT of time during the review. We are not testing a tech reviewer's ability to write the appropriate script. We are verifying that your instructions provide enough information to complete the step and that the steps in a task can be verified by your scoring script.\n\n--->\n\n<!--- Writing task steps in an advanced challenge\n\nIn an advanced challenge, each task will have at least one step that a learner must perform in order to complete the task. In each instructional step, you tell the learner what to do, and then provide any required input. Use the same writing style for all types of challenges; however, advanced challenges should not contain the details of which feature to use unless this is a requirement.\n\nExamples\n- Assign the **Global admin** role to **Amy Rusko**.\n- Configure the mailbox for **Lori Penor** to send an Out of Office message for both internal and external users.\n- Create a SQL database named ++db@lab.LabInstance.Id++ on a new logical server named ++sql@lab.LabInstance.Id++, and then configure a Server admin login named ++adminuser++ using ++Passw0rd++ as the password.\n\n--->\n\n===\n# Task 2\n - Step one.\n\n - Step two.\n\n===\n#Challenge validation\n\nWhen you are confident that you have met all the requirements for the challenge, select **Submit**. Your challenge will be evaluated automatically.\n\n> [!ALERT] Once you select **Submit**, you will not be able to return to this challenge.\n\n<!--- Place your script variables here.--->\n\n@lab.Activity(YourFirstCheck)\n\n@lab.Activity(YourSecondCheck)\n\n<!---Configure scoring\n\nThere are no check your work sections in an expert challenge. Instead, your challenge should have at least 10 individual scripts that will verify whether or not a learner has successfully performed the configuration required in the challenge. Individual related scripts can be combined into an activity. The script should verify that the key outcome of each task was completed, and may also verify additional configuration changes required by the tasks.\n\nYour scripts do not require feedback, but should contain a brief description in the Text field. This will identify each script when you are testing. \n\nThe scripts in an expert challenge are scored. To configure scoring, on the Activities page, turn on the **Enable Scoring** toggle, and then in each individual activity, ensure that **Scored** is selected.\n\nConfigure a score value for each script. Try to maintain a fairly even weighting. Once you have added the score values, on the Activities page, enter the passing score. The total score on the Activities page should be the total of all possible activity score values. If the total isn't displayed correctly, check the markdown. You likely have a script value that was added more than once in the markdown, or you missed adding a script variable. \n--->\n\n<!---Test your activities\nTo test the scripts, in the automated activity settings, leave **Scoring** selected, select the **Display Scripts as Task List** check box, and then select the **Allow retries** check box. Ensure that you added each script variable in the Challenge validation section in the markdown.\n\nBefore handing off your challenge, launch the challenge, run each script **without performing any of the steps** to ensure that the incorrect answer feedback response is displayed, run the challenge, and then ensure that the correct answer feedback response is displayed. If all scripts run successfully, select **Submit**, and then ensure that your score is displayed correctly.\n--->\n\n# Summary\n\nCongratulations, you have completed the **[Your Challenge Title]** challenge.\n\nYou have accomplished the following:\n\n- Task one summary.\n- Task two summary.\n\n\n<!--- Summary examples\n- Managed Active Directory group membership by using Group Policy.\n- Enumerated Active Directory group membership by using Windows PowerShell.\n- Created Office 365 user accounts.\n- Created an Office 365 group.\n--->\n\n\n!instructions[](https://raw.githubusercontent.com/LODSContent/ChallengeTemplates/master/Boilerplate/Feedback.md)\n\n## Other challenges in this series\n\n- GUIDED CHALLENGE: xxx\n\n- GUIDED CHALLENGE: xxx\n\n- ADVANCED CHALLENGE: xxx\n",
      "AppendLabDataToCloudPortalUrl": false,
      "TerminateOnFailedDeployment": false,
      "SendNotificationOnFailedDeployment": true,
      "EnableTaskProgressTracking": false,
      "EnableTaskAutoChecking": true,
      "TimeExtensionMinutes": 15,
      "TimeExtensionShowNotificationMinutes": 10,
      "ExamScoringItems": [],
      "EnableBugReporting": false,
      "BugReportEmailAddress": null,
      "DisplayDelaySeconds": null,
      "DisplayDelayMessage": null,
      "MaxActiveLabInstances": null,
      "ThemeId": 2,
      "LabTags": [],
      "LabHostTags": [],
      "VariablesJson": null,
      "InstructionsReplacementsJson": null,
      "NumVcpus": 0
    }
  ],
  "VirtualMachineProfiles": [],
  "RemovableMedia": [],
  "CloudTemplates": [],
  "AccessControlPolicies": [],
  "ContainerImages": []
}