{
  "SourceId": "lod",
  "LabSeries": [],
  "LabProfiles": [
    {
      "Id": 59522,
      "SourceUrl": "https://labondemand.com/LabProfile/59522",
      "SeriesId": 16504,
      "Name": "Expert Challenge Template",
      "Number": "003",
      "PlatformId": -1,
      "LanguageId": 1,
      "DevelopmentStatusId": 1,
      "Level": 100,
      "DurationMinutes": 60,
      "Description": null,
      "Objective": null,
      "Scenario": null,
      "Enabled": true,
      "HasContent": true,
      "ContentVersion": 2,
      "ShowNavigationPane": true,
      "ShowExerciseNumbers": false,
      "AllowCancel": true,
      "AllowSave": true,
      "EnableAutoSave": true,
      "LastConsoleSyncTimeoutMinutes": 15,
      "LastActivityTimeoutMinutes": 60,
      "MinimumAutoSaveTimeInvestment": 5,
      "MinimumSavedLabTimeRemaining": 20,
      "MaxSnapshots": 0,
      "Errata": null,
      "NetworkDiagramImageUrl": null,
      "HasVirtualMachinePool": false,
      "Networks": [],
      "Machines": [],
      "RemovableMediaIds": [],
      "Exercises": [],
      "MachinePool": [],
      "MachinePoolMembers": [],
      "Resources": [],
      "ContainerImages": [],
      "ContainerNetworks": [],
      "CloudPortalCredentialProfilesJson": "[]",
      "LifeCycleActions": [],
      "CloudResourceGroups": [],
      "CloudCredentialPoolAssignments": [],
      "Activities": [],
      "MinInstanceStorageGb": 20,
      "AllowTimeExtensions": true,
      "Ram": 0,
      "NavigationBarWidth": 400,
      "TaskBarHeight": 70,
      "PreinstanceBatchSize": 1,
      "PreinstanceStockLevel": 0,
      "SavePreinstances": true,
      "PreinstanceSaveDelaySeconds": 0,
      "ShowContentTab": true,
      "ShowMachinesTab": true,
      "ShowSupportTab": true,
      "IsExam": false,
      "ExamPassingScore": 1,
      "EndUrl": null,
      "OwnerName": null,
      "OwnerEmail": null,
      "RequireHyperVEnhancedController": false,
      "CustomContentTabLabel": null,
      "CustomMachinesTabLabel": null,
      "CustomSupportTabLabel": null,
      "CloudPlatform": null,
      "IntroductionContentUrl": null,
      "IntroductionContentMinimumDisplaySeconds": null,
      "AnonymousLaunchExpires": null,
      "AnonymousSaveMaxDays": 0,
      "AnonymousSaveMaxSessions": null,
      "ShowTimer": true,
      "CustomCssUrl": null,
      "CustomCss": null,
      "StorageLoadingPriority": 20,
      "InheritStorageAvailability": true,
      "CloudSubscriptionPoolId": null,
      "EnableNavigationWarning": true,
      "ShowVirtualMachinePowerOptions": true,
      "StartStateDirectoryPath": null,
      "CustomErrataLabel": null,
      "EnableInstanceLinkSharing": false,
      "ExpectedDurationMinutes": 60,
      "EnableCopyPaste": true,
      "LtiOutcomeScoringPolicy": 0,
      "LtiOutcomeScoringFormat": 0,
      "LtiOutcomePassingScoreMinutes": 15,
      "LtiOutcomePassingScoreTaskCompletePercentage": 70,
      "DefaultVirtualMachineProfileId": null,
      "DefaultVirtualMachineLabPoolProfileId": null,
      "DefaultResourceId": null,
      "NumVirtualMachines": 0,
      "NumPublicIpAddresses": 0,
      "RequiresNestedVirtualization": false,
      "PremiumPrice": 3.2500,
      "CustomPremiumPrice": null,
      "BasicPrice": 2.6000,
      "CustomBasicPrice": null,
      "CloudPortalUrl": null,
      "OverrideCloudPortalUrl": false,
      "EnableAutomaticPortalLogin": false,
      "Instructions": "<style>\nstrong {\n    color: black;\n}\n.help a {\n    text-decoration: underline;\n    text-decoration-style: wavy;  \n    text-decoration-color: red;\n    font-weight: bold;\n}\n</style>\n\n!INSTRUCTIONS[expert](https://raw.githubusercontent.com/LODSContent/Public-Templates/master/General/itpc-expert.md)\n\n> [challenge-name]: Can You [Your Challenge Title]?\n\n\n>[overview]:\n>\n>## Understand the scenario\n>\n>#####Example\n>You are a Microsoft&reg; 365 administrator. You need to run a pilot project to refine Office 365 management processes and practices. First, you will create pilot user accounts, assign licenses, and configure security groups by using bulk management techniques. Next, you will configure password policies, and then you will manage roles. Finally, you will configure email compliance by using Exchange Online, and then you will create a new communication site by using SharePoint Online.\n>\n> \n>\n>## Understand your environment\n>\n>#####Example\n>In this challenge, you will use an Office 365 E5 tenant that you created in the **Provision an Office 365 E5 Trial Subscription** setup lab. You will need the credentials and the tenant domain you created in that lab for this challenge.\n\n===\n# Task 1\n - Step one.\n\n - Step two.\n\n===\n# Task 2\n - Step one.\n\n - Step two.\n\n===\n#Challenge validation\n\nWhen you are confident that you have met all the requirements for the challenge, select **Submit**. Your challenge will be evaluated automatically.\n\n> [!ALERT] Once you select **Submit**, you will not be able to return to this challenge.\n\n[Place your script variables here.] \n@lab.Activity(YourFirstCheck)\n@lab.Activity(YourSecondCheck)\n\n\n# Summary\n\nCongratulations, you have completed the **Can You Manage Office 365?** challenge.\n\nYou have accomplished the following:\n\n- Task one summary.\n- Task two summary.\n\n#### Summary examples - please delete the samples\n- Managed Active Directory group membership by using Group Policy.\n- Enumerated Active Directory group membership by using Windows PowerShell.\n- Created Office 365 user accounts.\n- Created an Office 365 group.\n\n\n## Your feedback is important!\nAs you end your challenge, please take a few minutes to complete the short survey that will appear in the next window.\n\nAlternatively, you may provide your feedback directly to <a href=\"mailto:challengefeedback@learnondemandsystems.com?Subject=LODS%20Challenge%20Feedback%20for%20Lab%20@lab.LabProfile.Id\" target=\"_top\">challengefeedback@learnondemandsystems.com</a>.\n\n## Other challenges in this series\n\n- GUIDED CHALLENGE: xxx\n\n- GUIDED CHALLENGE: xxx\n\n- ADVANCED CHALLENGE: xxx\n",
      "AppendLabDataToCloudPortalUrl": false,
      "TerminateOnFailedDeployment": false,
      "SendNotificationOnFailedDeployment": true,
      "EnableTaskProgressTracking": false,
      "EnableTaskAutoChecking": true,
      "TimeExtensionMinutes": 15,
      "TimeExtensionShowNotificationMinutes": 10,
      "ExamScoringItems": [],
      "EnableBugReporting": false,
      "BugReportEmailAddress": null,
      "DisplayDelaySeconds": null,
      "DisplayDelayMessage": null,
      "MaxActiveLabInstances": null,
      "ThemeId": 2,
      "LabTags": [],
      "LabHostTags": [],
      "VariablesJson": null
    }
  ],
  "VirtualMachineProfiles": [],
  "RemovableMedia": [],
  "CloudTemplates": [],
  "AccessControlPolicies": [],
  "ContainerImages": []
}