{
  "SourceId": "lod",
  "LabSeries": [],
  "LabProfiles": [
    {
      "Id": 59521,
      "SourceUrl": "https://labondemand.com/LabProfile/59521",
      "SeriesId": 16504,
      "Name": "Advanced Challenge Template",
      "Number": "T-002",
      "PlatformId": -1,
      "LanguageId": 1,
      "DevelopmentStatusId": 1,
      "Level": 100,
      "DurationMinutes": 60,
      "Description": null,
      "Objective": null,
      "Scenario": null,
      "Enabled": true,
      "HasContent": true,
      "ContentVersion": 2,
      "ShowNavigationPane": true,
      "ShowExerciseNumbers": false,
      "AllowCancel": true,
      "AllowSave": true,
      "EnableAutoSave": true,
      "LastConsoleSyncTimeoutMinutes": 15,
      "LastActivityTimeoutMinutes": 60,
      "MinimumAutoSaveTimeInvestment": 5,
      "MinimumSavedLabTimeRemaining": 20,
      "MaxSnapshots": 0,
      "Errata": null,
      "NetworkDiagramImageUrl": null,
      "HasVirtualMachinePool": false,
      "Networks": [],
      "Machines": [],
      "RemovableMediaIds": [],
      "Exercises": [],
      "MachinePool": [],
      "MachinePoolMembers": [],
      "Resources": [],
      "ContainerImages": [],
      "ContainerNetworks": [],
      "CloudPortalCredentialProfilesJson": "[]",
      "LifeCycleActions": [],
      "CloudSubscriptionInstancePolicies": [],
      "CloudResourceGroups": [],
      "CloudCredentialPoolAssignments": [],
      "Activities": [
        {
          "Id": 11502,
          "Name": "TaskOneCheck",
          "ReplacementTokenAlias": "YourFirstCheck",
          "Type": 40,
          "Text": null,
          "CaseSensitive": false,
          "Scored": false,
          "PartialScore": false,
          "ScoreValue": 1,
          "Required": false,
          "BlocksNavigation": false,
          "BlocksNavigationUntilPassed": false,
          "OnDemandEvaluation": true,
          "OnDemandEvaluationButtonText": "Verify",
          "AllowRetry": true,
          "CorrectResponse": null,
          "IncorrectResponse": null,
          "TextAnswer": null,
          "DisplayScriptsAsTaskList": true,
          "Answers": [],
          "Scripts": [
            {
              "Id": 7481,
              "Text": "Verify that you have promoted DC3 to a domain controller in the Contoso.com domain. ",
              "ScoreValue": 1,
              "TargetId": 0,
              "Language": 0,
              "Script": "#This script works as of xxx.\nIf (yourTest){$result = $true} Else {$result=$false}\n\n$result",
              "CorrectResponse": "Congratulations! You have promoted DC3 to a domain controller in the Contoso.com domain.",
              "IncorrectResponse": "You still need to promote DC3 to a domain controller in the Contoso.com domain.",
              "SortIndex": 0
            }
          ]
        },
        {
          "Id": 11503,
          "Name": "TaskTwoCheck",
          "ReplacementTokenAlias": "YourSecondCheck",
          "Type": 40,
          "Text": null,
          "CaseSensitive": false,
          "Scored": false,
          "PartialScore": false,
          "ScoreValue": 2,
          "Required": false,
          "BlocksNavigation": false,
          "BlocksNavigationUntilPassed": false,
          "OnDemandEvaluation": true,
          "OnDemandEvaluationButtonText": "Verify",
          "AllowRetry": true,
          "CorrectResponse": null,
          "IncorrectResponse": null,
          "TextAnswer": null,
          "DisplayScriptsAsTaskList": true,
          "Answers": [],
          "Scripts": [
            {
              "Id": 7482,
              "Text": "Verify that you have created a load balancer rule named MyHTTPRule.",
              "ScoreValue": 1,
              "TargetId": 0,
              "Language": 0,
              "Script": "#This script works as of xxx.\nIf (yourTest){$result = $true} Else {$result=$false}\n\n$result",
              "CorrectResponse": "Congratulations!  You have created a load balancer rule named MyHTTPRule.",
              "IncorrectResponse": "You still need to create a load balancer rule named MyHTTPRule.",
              "SortIndex": 0
            },
            {
              "Id": 7483,
              "Text": "Verify that you have created a backend pool named MyBackendPool in the MyLoadBalancer load balancer by using MyVNet, VM-1, VM-2, and VM-3.",
              "ScoreValue": 1,
              "TargetId": 0,
              "Language": 0,
              "Script": "#This script works as of xxx.\nIf (yourTest){$result = $true} Else {$result=$false}\n\n$result",
              "CorrectResponse": "Congratulations! You have created a backend pool named MyBackendPool in the MyLoadBalancer load balancer by using MyVNet, VM-1, VM-2, and VM-3.",
              "IncorrectResponse": "You still need to create a backend pool named MyBackendPool in the MyLoadBalancer load balancer. Make sure that the backend pool uses MyVNet, and contains VM-1, VM-2, and VM-3.",
              "SortIndex": 1
            }
          ]
        }
      ],
      "MinInstanceStorageGb": 20,
      "AllowTimeExtensions": true,
      "AllowExtendExpiration": 0,
      "Ram": 0,
      "NavigationBarWidth": 400,
      "TaskBarHeight": 70,
      "PreinstanceBatchSize": 1,
      "PreinstanceStockLevel": 0,
      "SavePreinstances": true,
      "PreinstanceSaveDelaySeconds": 0,
      "ShowContentTab": true,
      "ShowMachinesTab": true,
      "ShowSupportTab": true,
      "IsExam": false,
      "ExamPassingScore": 1,
      "EndUrl": null,
      "OwnerName": null,
      "OwnerEmail": null,
      "RequireHyperVEnhancedController": false,
      "CustomContentTabLabel": null,
      "CustomMachinesTabLabel": null,
      "CustomSupportTabLabel": null,
      "CloudPlatform": 10,
      "IntroductionContentUrl": null,
      "IntroductionContentMinimumDisplaySeconds": null,
      "AnonymousLaunchExpires": null,
      "AnonymousSaveMaxDays": 0,
      "AnonymousSaveMaxSessions": null,
      "ShowTimer": true,
      "CustomCssUrl": null,
      "CustomCss": null,
      "StorageLoadingPriority": 20,
      "InheritStorageAvailability": true,
      "CloudSubscriptionPoolId": null,
      "EnableNavigationWarning": true,
      "ShowVirtualMachinePowerOptions": true,
      "StartStateDirectoryPath": null,
      "CustomErrataLabel": null,
      "EnableInstanceLinkSharing": false,
      "ExpectedDurationMinutes": 60,
      "EnableCopyPaste": true,
      "LtiOutcomeScoringPolicy": 0,
      "LtiOutcomeScoringFormat": 0,
      "LtiOutcomePassingScoreMinutes": 15,
      "LtiOutcomePassingScoreTaskCompletePercentage": 70,
      "DefaultVirtualMachineProfileId": null,
      "DefaultVirtualMachineLabPoolProfileId": null,
      "DefaultResourceId": null,
      "NumVirtualMachines": 0,
      "NumPublicIpAddresses": 0,
      "RequiresNestedVirtualization": false,
      "PremiumPrice": 3.2500,
      "CustomPremiumPrice": null,
      "ExpectedCloudCost": null,
      "CloudPortalUrl": "https://portal.azure.com",
      "OverrideCloudPortalUrl": false,
      "EnableAutomaticPortalLogin": false,
      "Instructions": "<!---6/30/2020--->\n\n<!---At the beginning of each challenge, include a comment that contains the initial creation date, all revision dates, and a description of the reason for the revision.--->\n\n<!---Advanced challenge definition\n\nAn advanced challenge is intended for learners who have a functional knowledge of a product, and who want to test their level of understanding. Each advanced challenge contains a series of 3-6 related tasks that focus on real-world skills. Each advanced challenge should take an average learner 45 minutes to complete, on average.\n\nFor learners who need some guidance on how to perform a task, each task contains a hint in the form of a URL that takes learners to the product documentation where they can get more information on how to complete the task. Each task is scored so that learners can determine whether or not they completed the task successfully. Each task can be repeated, giving learners the opportunity to test their skills and correct any errors they made while performing a task. \n--->\n\n\n\n!INSTRUCTIONS[advanced](https://raw.githubusercontent.com/LODSContent/Public-Templates/master/General/itpc-advanced.md)\n\n> [challenge-name]:Can You [Your Challenge Title]?\n\n<!--- An advanced or expert challenge title is phrased in the form of a question and begins with the words “Can You …?” The title should reflect the key skills being tested in the challenge.\n\nExamples\nCan You Maintain an Active Directory Domain Services Database?\nCan You Implement and Manage Group Policy?\nCan You Establish Connectivity for Internet-Based Clients?\nCan You Configure a Resilient Enterprise That Has Mobile Clients?\n--->\n\n>[overview]:\n>\n>## Understand the scenario\n>\n>You are a xxx. You need to xxx. First, you will xxx, and then you will xxx. Next, you will xxx, and then you will xxx. Finally, you will xxx, and then you will xxx.\n>\n>## Understand your environment\n>You will be using xxx.\n\n<!---The Understand the scenario section \nThe challenge overview appears on the title page, under the challenge title, and contains a description of the challenge scenario and a summary of the challenge environment. Learners must select the overview in order to display the contents, so some learners may not read this information.\n\nEach challenge contains an introductory paragraph that defines the job role, the requirements of the challenge, and the tasks the learner will perform. \n\nThe opening sentence should state a possible job role associated with the tasks in the challenge. This is your opportunity to add some context to the challenge. \n\nOpening sentence examples\n-\tYou are a database administrator.\n-\tYou are a systems administrator.\n-\tYou are a Microsoft 365 administrator.\n\nThe second sentence should be in the form of a requirements statement that describes the overall goal of the challenge. Use the phrase “You need to…” to begin your requirements statement. The requirements statement should relate to the title.\n\nDo not use phrases like:\n- Your boss has tasked you with…\n- The CIO wants you to…\n- You have been asked to…\n\nInstead, use the phrase \"you need to\" to introduce the main requirement of the challenge.\n\nRequirements statement examples\n-\tYou need to configure storage for files that are used by a web application.\n-\tYou need to create a new test virtual machine that is based on an existing managed disk.\n-\tYou need to add users to your organization’s Microsoft 365 tenant.\n\nThe outcome, often referred to as the abstract, states what a learner will do in the challenge. You write the abstract by using the following style: \n-\t“First, you will…Next, you will…Finally, you will….”\n-\t“First, you will…, and then you will …. Next, you will…, and then you will…. Finally, you will…, and then you will….\n\nThis structure is mandatory and works well for three to six tasks. It is an easy fit for a challenge, since the average challenge contains three to six tasks.\n\nTake a look at your headings and your summary points, and then turn these into sentences. After you have completed your challenge, make sure that you review your overview to ensure that the it still reflects the final tasks in the challenge.\n\nAbstract examples\n-\tFirst, you will create accounts for users, and then you will assign licenses to the accounts. Next, you will create a security group, and then you will add the users to the group. Finally, you will remove a user’s license.\n-\tFirst, you will create an S3 bucket, and then you will enable versioning. Next, you will configure the bucket as a website that allows public access. Finally, you will upload the website files.\n-\tFirst, you will define a hub site by using the SharePoint admin center. Next, you will create a new site collection, and then you will associate it with the new hub. Finally, you will modify the default site permissions.\nThe following text is an example of an abstract (scenario) that uses the correct format \n\nCompleted understand the scenario example\n\nYou are a Microsoft&reg; 365 administrator. You need to manage multiple Office 365 users. First, you will create a security group. Next, you will use a comma-separated values (CSV) file to manage multiple users. Finally, you will add multiple users to a security group by using a single action.\n\n--->\n\n<!---The Understand your environment section should contain one or two sentences that describe the technical environment used in the challenge. Keep this simple!\n\nUse the phrase “You will be using …” when writing about the environment.\n\n- In a challenge that uses virtual machines, state the names of the virtual machines and, if needed, the operating systems installed on the virtual machines.\n- In a challenge that uses services, state the services that have been created by using a script. Only include services that the learner will need to use to complete the challenge.\n\nUnderstand your environment samples\nYou will be using a virtual machine named DC01 that runs Windows&reg; Server 2019.\nYou will be using a pre-configured Azure resource group named @lab.CloudResourceGroup(RG1).Name.\nYou will be using a Windows Server 2016 domain controller named DC01.\n\n--->\n\n====\n# Task one heading\n\n- Task step 1. \n\n<!--- **IMPORTANT** - Provide step-by-step instructions and any PowerShell or Bash scripts that are needed. This tells the tech reviewer what you intended, and saves a LOT of time during the review. We are not testing a tech reviewer's ability to write the appropriate script. We are verifying that your instructions provide enough information to complete the step and that the steps in a task can be verified by your scoring script.\n--->\n\n- Task step 2.\n\n<!--- Writing task steps in an advanced challenge\n\nIn an advanced challenge, each task will have at least one step that a learner must perform in order to complete the task. In each instructional step, you tell the learner what to do, and then provide any required input. Use the same writing style for all types of challenges; however, advanced challenges should not contain the details of which feature to use unless this is a requirement.\n\nExamples\n- Assign the **Global admin** role to **Amy Rusko**.\n- Configure the mailbox for **Lori Penor** to send an Out of Office message for both internal and external users.\n- Create a SQL database named ++db@lab.LabInstance.Id++ on a new logical server named ++sql@lab.LabInstance.Id++, and then configure a Server admin login named ++adminuser++ using ++Passw0rd++ as the password.\n\n--->\n\n<!--- Writing hints in an advanced challenge\n\nIn an advanced challenge, use an expandable hint to provide more information on how to perform the action in a step; however, unlike guided challenges, the hint should be in the form of a URL that contains information on how to perform the required action.\n\n**IMPORTANT** Only use links to official product documentation.\n\nExamples\n- Create a security group named +++Auckland Staff+++.\n\n    >[!HINT]<details>\n    ><summary>Expand this hint for guidance on creating a security group.</summary>\n    >\n    >- Review the documentation on [creating a security group](https://docs.microsoft.com/en-us/office365/admin/email/create-edit-or-delete-a-security-group?view=o365-worldwide).\n    >\n    ></details>\n\n- Add the three new users to the Auckland Staff security group by using a single action.\n\n    >[!HINT]<details>\n    ><summary>Expand this hint for guidance on adding users to a security group.</summary>\n    >\n    >- Review the following two methods of adding multiple users to a security group: \n    >\n    >   [Microsoft 365 admin center](https://docs.microsoft.com/en-us/office365/admin/create-groups/add-or-remove-members-from-groups?view=o365-worldwide)\n    >\n    >   [Office 365 PowerShell](https://docs.microsoft.com/en-us/powershell/module/msonline/add-msolgroupmember?view=azureadps-1.0)\n    >\n    ></details>\n\n- Record the name of the data loss prevention (DLP) policy you created in the DLP Name text box.\n\n    **DLP Name**     \n    @lab.TextBox(DLPRuleName)\n\n    >[!HINT]<details>\n    ><summary>Expand this hint for guidance on DLP templates.</summary>\n    >\n    >- Review the documentation on:\n    >\n    >   [Using a DLP policy template](https://docs.microsoft.com/en-us/exchange/security-and-compliance/data-loss-prevention/data-loss-prevention\"The DLP policy template documentation\").\n    >\n    >   [DLP policy templates supplied in Exchange](https://docs.microsoft.com/en-us/exchange/security-and-compliance/data-loss-prevention/dlp-policy-templates\"DLP policy templates supplied in Exchange\").\n    >\n    ></details>\n\n--->\n\n<!---Best practices for writing challenge tasks \n- Create a heading that calls out the purpose of the task. \n- If your task heading contains the word *and*, review the objectives. You may be trying to combine two tasks into one.\n- If your task contains a single step, and both the step and the heading use almost identical language, either your task is too granular, or your step is too high level.\n- Write steps that tell the learner the action to take and the specific requirements to implement, but not how to perform the action.\n- Use a hint in an advanced challenge to provide guidance on how to perform the action.\n- Use Type Text or Copy to clipboard for any values that a learner must type.\n--->\n\n##Check your work\n\n<!--- Place your script variables here.--->\n\n@lab.Activity(YourFirstCheck)\n\n<!--- Configure a script in the IDLx\n\nThe check your work section in an advanced challenge should contain at least one activity script that will verify whether or not a learner has successfully performed the configuration required in the task. The script should verify that the key outcome of the task was completed, and may also verify additional configuration changes required by the task.\n\nBefore handing off your challenge, launch the challenge, run each script **without performing any of the steps** to ensure that the incorrect answer feedback response is displayed, run the challenge, and then ensure that the correct answer feedback response is displayed.\n\nIn the automated activity settings, select the **Display Scripts as Task List** check box, select the Custom Evaluation Button Text check box, specify a value of **Verify**, and then select the **Allow retries** check box.\n\nEach script contains three text elements:\n-\t**Text** — Contains the verification label that describes what the script verifies.\n-\t**Correct Answer Feedback** — Contains the success message to display if the learner performed the configuration correctly.\n-\t**Incorrect Answer Feedback** – Contains feedback to let the learner know what still needs to be configured.\n\nThe incorrect answer feedback should be specific enough that the learner can determine what was missed.\n\nExamples\n-\tText: Verify that you have promoted DC3 to a domain controller in the Contoso.com domain.\n-\tCorrect Answer Feedback: Congratulations! You have promoted DC3 to a domain controller in the Contoso.com domain.\n-\tIncorrect Answer Feedback: You still need to promote DC3 to a domain controller in the Contoso.com domain.\n\n--->\n\n\n====\n# Task two heading\n\n- Step one.\n\n- Step two.\n\n## Check your work\n\n@lab.Activity(YourSecondCheck)\n\n===\n\n# Summary\n\nCongratulations, you have completed the **Your Challenge Title** challenge.\n\nYou have accomplished the following:\n\n- Task one summary.\n- Task two summary.\n\n<!--- Summary examples\n- Managed Active Directory group membership by using Group Policy.\n- Enumerated Active Directory group membership by using Windows PowerShell.\n- Created Office 365 user accounts.\n- Created an Office 365 group.\n--->\n\n\n!instructions[](https://raw.githubusercontent.com/LODSContent/ChallengeTemplates/master/Boilerplate/Feedback.md)>.\n\n## Other challenges in this series\n\n<!---This section is mandatory. Include any challenges in the series that relate to this challenge. Replace the sample titles. Leave one blank line between each challenge title.--->\n\n- GUIDED CHALLENGE: xxxx\n\n- ADVANCED CHALLENGE: Can You Create and Manage Active Directory Users and Groups?",
      "AppendLabDataToCloudPortalUrl": false,
      "TerminateOnFailedDeployment": false,
      "SendNotificationOnFailedDeployment": true,
      "EnableTaskProgressTracking": false,
      "EnableTaskAutoChecking": true,
      "TimeExtensionMinutes": 15,
      "TimeExtensionShowNotificationMinutes": 10,
      "ExamScoringItems": [],
      "EnableBugReporting": false,
      "BugReportEmailAddress": null,
      "DisplayDelaySeconds": null,
      "DisplayDelayMessage": null,
      "MaxActiveLabInstances": null,
      "ThemeId": 2,
      "LabTags": [],
      "LabHostTags": [],
      "VariablesJson": null,
      "InstructionsReplacementsJson": null,
      "NumVcpus": 0
    }
  ],
  "VirtualMachineProfiles": [],
  "RemovableMedia": [],
  "CloudTemplates": [],
  "AccessControlPolicies": [],
  "ContainerImages": []
}