{
  "SourceId": "lod",
  "LabSeries": [],
  "LabProfiles": [
    {
      "Id": 59520,
      "SourceUrl": "https://labondemand.com/LabProfile/59520",
      "SeriesId": 16504,
      "Name": "Guided Challenge Template",
      "Number": "T-001",
      "PlatformId": -1,
      "LanguageId": 1,
      "DevelopmentStatusId": 1,
      "Level": 100,
      "DurationMinutes": 60,
      "Description": null,
      "Objective": null,
      "Scenario": null,
      "Enabled": true,
      "HasContent": true,
      "ContentVersion": 2,
      "ShowNavigationPane": true,
      "ShowExerciseNumbers": false,
      "AllowCancel": true,
      "AllowSave": true,
      "EnableAutoSave": true,
      "LastConsoleSyncTimeoutMinutes": 15,
      "LastActivityTimeoutMinutes": 60,
      "MinimumAutoSaveTimeInvestment": 5,
      "MinimumSavedLabTimeRemaining": 20,
      "MaxSnapshots": 0,
      "Errata": null,
      "NetworkDiagramImageUrl": null,
      "HasVirtualMachinePool": false,
      "Networks": [],
      "Machines": [],
      "RemovableMediaIds": [],
      "Exercises": [],
      "MachinePool": [],
      "MachinePoolMembers": [],
      "Resources": [],
      "ContainerImages": [],
      "ContainerNetworks": [],
      "CloudPortalCredentialProfilesJson": "[]",
      "LifeCycleActions": [],
      "CloudSubscriptionInstancePolicies": [],
      "CloudResourceGroups": [],
      "CloudCredentialPoolAssignments": [],
      "Activities": [],
      "MinInstanceStorageGb": 20,
      "AllowTimeExtensions": true,
      "AllowExtendExpiration": 0,
      "Ram": 0,
      "NavigationBarWidth": 400,
      "TaskBarHeight": 70,
      "PreinstanceBatchSize": 1,
      "PreinstanceStockLevel": 0,
      "SavePreinstances": true,
      "PreinstanceSaveDelaySeconds": 0,
      "ShowContentTab": true,
      "ShowMachinesTab": true,
      "ShowSupportTab": true,
      "IsExam": false,
      "ExamPassingScore": 1,
      "EndUrl": null,
      "OwnerName": null,
      "OwnerEmail": null,
      "RequireHyperVEnhancedController": false,
      "CustomContentTabLabel": null,
      "CustomMachinesTabLabel": null,
      "CustomSupportTabLabel": null,
      "CloudPlatform": null,
      "IntroductionContentUrl": null,
      "IntroductionContentMinimumDisplaySeconds": null,
      "AnonymousLaunchExpires": null,
      "AnonymousSaveMaxDays": 0,
      "AnonymousSaveMaxSessions": null,
      "ShowTimer": true,
      "CustomCssUrl": null,
      "CustomCss": null,
      "StorageLoadingPriority": 20,
      "InheritStorageAvailability": true,
      "CloudSubscriptionPoolId": null,
      "EnableNavigationWarning": true,
      "ShowVirtualMachinePowerOptions": true,
      "StartStateDirectoryPath": null,
      "CustomErrataLabel": null,
      "EnableInstanceLinkSharing": false,
      "ExpectedDurationMinutes": 60,
      "EnableCopyPaste": true,
      "LtiOutcomeScoringPolicy": 0,
      "LtiOutcomeScoringFormat": 0,
      "LtiOutcomePassingScoreMinutes": 15,
      "LtiOutcomePassingScoreTaskCompletePercentage": 70,
      "DefaultVirtualMachineProfileId": null,
      "DefaultVirtualMachineLabPoolProfileId": null,
      "DefaultResourceId": null,
      "NumVirtualMachines": 0,
      "NumPublicIpAddresses": 0,
      "RequiresNestedVirtualization": false,
      "PremiumPrice": 3.2500,
      "CustomPremiumPrice": null,
      "ExpectedCloudCost": null,
      "CloudPortalUrl": null,
      "OverrideCloudPortalUrl": false,
      "EnableAutomaticPortalLogin": false,
      "Instructions": "<!---6/30/2020--->\n\n<!---At the beginning of each challenge, include a comment that contains the initial creation date, all revision dates, and a description of the reason for the revision.--->\n\n<!---Guided challenge definition\n\nA guided challenge is intended for learners who have basic familiarity with a concept, but who may be lacking experience and knowledge. Each guided challenge contains a series of 3–5 related tasks that focus on real-world skills. Each guided challenge should take an average learner 30 minutes to complete, on average.\n\nLearners are provided with task-based instructions that simulate a real-world experience. Instructions are action-based and include the input required to complete the task. For learners who need some guidance on how to perform a task, detailed hints are provided in the form of step-by-step instructions, videos, and detailed syntax for commands. Learners can choose to use a hint as needed.\n\n--->\n\n\n!INSTRUCTIONS[guided](https://raw.githubusercontent.com/LODSContent/Public-Templates/master/General/itpc-guided.md)\n\n> [challenge-name]: Your Challenge Title\n\n<!---\nThe title is one of the most important elements of a challenge. It tells the learners what they should be able to do when they have completed the challenge. All titles use title case.\n\nA guided challenge title must begin with an action verb. Some titles may contain the name of the product or technology that is featured in the challenge. If possible, avoid using the word and in a title. In most cases, when you see the word and, you have two different challenges.\n\nExamples\nRestore Objects in Azure Active Directory\nConfigure a Forest Trust Relationship\nManage Active Directory Groups\nImplement DirectAccess\nMonitor Windows Server by Using Windows PowerShell\n\n--->\n\n>[overview]:\n>## Understand the scenario\n>\n>You are a xxx. You need to xxx. First, you will xxx, and then you will xxx. Next, you will xxx, and then you will xxx. Finally, you will xxx, and then you will xxx.\n>\n>## Understand your environment\n>You will be using xxx.\n\n<!---The Understand the scenario section \nThe challenge overview appears on the title page, under the challenge title, and contains a description of the challenge scenario and a summary of the challenge environment. Learners must select the overview in order to display the contents, so some learners may not read this information.\n\nEach challenge contains an introductory paragraph that defines the job role, the requirements of the challenge, and the tasks the learner will perform. \n\nThe opening sentence should state a possible job role associated with the tasks in the challenge. This is your opportunity to add some context to the challenge. \n\nOpening sentence examples\n- You are a database administrator.\n- You are a network administrator.\n- You are a systems administrator.\n- You are a Microsoft 365 administrator.\n\nThe second sentence should be in the form of a requirements statement that describes the overall goal of the challenge. Use the phrase “You need to…” to begin your requirements statement. The requirements statement should relate to the title.\n\nDo not use phrases like:\n- Your boss has tasked you with…\n- The CIO wants you to…\n- You have been asked to…\n\nInstead, use the phrase \"you need to\" to introduce the main requirement of the challenge.\n\nRequirements statement examples\n- You need to configure storage for files that are used by a web application.\n- You need to create a new test virtual machine that is based on an existing managed disk.\n- You need to add users to your organization’s Microsoft 365 tenant.\n\nThe outcome, often referred to as the abstract, states what a learner will do in the challenge. You write the abstract by using the following style: \n- “First, you will…Next, you will…Finally, you will….”\n- “First, you will…, and then you will …. Next, you will…, and then you will…. Finally, you will…, and then you will….\n\nThis structure is mandatory and works well for three to six tasks. It is an easy fit for a challenge, since the average challenge contains three to six tasks.\n\nTake a look at your headings and your summary points, and then turn these into sentences. After you have completed your challenge, make sure that you review your overview to ensure that the it still reflects the final tasks in the challenge.\n\nAbstract examples\n- First, you will create accounts for users, and then you will assign licenses to the accounts. Next, you will create a security group, and then you will add the users to the group. Finally, you will remove a user’s license.\n- First, you will create an S3 bucket, and then you will enable versioning. Next, you will configure the bucket as a website that allows public access. Finally, you will upload the website files.\n- First, you will define a hub site by using the SharePoint admin center. Next, you will create a new site collection, and then you will associate it with the new hub. Finally, you will modify the default site permissions.\nThe following text is an example of an abstract (scenario) that uses the correct format \n\nCompleted understand the scenario examples\n\nYou are a Windows Server administrator assigned to manage your organization's Active Directory Domain Services environment. You need to create new Active Directory groups and manage group membership.  First, you will create distribution and security groups, and then you will add members to the groups. Next, you will ensure that all groups can be used to assign permissions to their members. Finally, you will use Group Policy to control membership of the Domain Admins group.\n\nYou are a Microsoft&reg; 365 administrator. You need to manage multiple Office 365 users. First, you will create a security group. Next, you will use a comma-separated values (CSV) file to manage multiple users. Finally, you will add multiple users to a security group by using a single action.\n\n--->\n\n<!---The Understand your environment section should contain one or two sentences that describe the technical environment used in the challenge. Keep this simple!\n\nUse the phrase “You will be using …” when writing about the environment.\n\n- In a challenge that uses virtual machines, state the names of the virtual machines and, if needed, the operating systems installed on the virtual machines.\n- In a challenge that uses services, state the services that have been created by using a script. Only include services that the learner will need to use to complete the challenge.\n\nUnderstand your environment samples\nYou will be using a virtual machine named DC01 that runs Windows&reg; Server 2019.\nYou will be using a pre-configured Azure resource group named @lab.CloudResourceGroup(RG1).Name.\nYou will be using a Windows Server 2016 domain controller named DC01.\n\n--->\n\n===\n# Task one heading\n\n- Task step 1.\n\n    >[!HINT]<details>\n    ><summary>Expand this hint for guidance on xxx.</summary>\n    >\n    >- Hint step one.\n    >\n    >- Hint step two.\n    >\n    ></details>\n\n- Task step 2.\n\n<!--- Example hint including the syntax--->\n\n<!---Uncomment the hint to see it in the Preview pane.\n\n\n    >[!HINT]<details>\n    ><summary>Expand this hint for guidance on xxx.</summary>\n    >\n    >- Instructional sentence that uses the where/what/why format.\n    >\n    >- In the Microsoft 365 admin center, on the navigation menu, expand **Users**, and then select **Active users**.\n    >\n    >- Select **Beth Burke**, and then select **Manage product licenses**.\n    >\n    >   !IMAGE[SampleImage](Placeholder.jpg)\n    >\n    ></details>\n    \n--->\n\n\n\n<!--- Writing task steps in a guided challenge\nThe first step in any challenge should provide the instructions needed to sign in to the virtual machine or to the online services environment. After the first time you use Type Text or Copy to clipboard - generally the first step in a task - provide a tip on how to use the feature. \n- The sign in instruction style is a standard. The standard language is available to include in your content. Go to https://github.com/LODSContent/ChallengeTemplates/tree/master/Boilerplate.\n\n\nExamples\n- Sign in to @lab.VirtualMachine(YourLabVM).SelectLink as +++@lab.VirtualMachine(YourLabVM).Username+++ using +++@lab.VirtualMachine(YourLabVM).Password+++ as the password.\n\n    >[!TIP] Select the +++Type Text+++ icon to enter the associated text into the virtual machine.\n\n- Sign in to the Azure portal as ++@lab.CloudPortalCredential(LabAdmin).Username++ using ++@lab.CloudPortalCredential(LabAdmin).Password++ as the password.\n\n    >[!TIP] Select the ++Copy to clipboard++ icon to copy the text string to the clipboard.\n\nIn a guided challenge, each task will have at least one step that a user must perform in order to complete the task. In each instructional step, you tell the users what to do, provide any required input, and then if needed, finish the step by telling users what they should use to perform the action in the step. You want to tell them what to do, but not how to do it.\n\nIf you switch virtual machines, or write an instruction that requires a user name or password, always provide the credentials. Don't make users go hunting for credentials.\n\nExamples\n-\tAssign a Global admin role to Amy Rusko by using the Microsoft 365 admin center.\n-\tConfigure Lori Penor’s mailbox to send an Out of Office message for both internal and external users.\n-\tCreate a security group named +++Marketing Admins+++ in the **Corp** | **Groups** organizational unit (OU).\n-\tAdd two users named +++Darlene Rudd+++ and +++Sean Chai+++ to the **HR Admins** group.\n\nWhen you are writing tasks that require a learner to use a specific cmdlet or method, provide the name of the cmdlet or method in the main instructional step, include a link to the documentation for that cmdlet or method if official documentation is available, and then put the complete code syntax in a hint.\n\nExample\n-\tAssign licenses to the new users by using the [Set-MsolUserLicense](https://docs.microsoft.com/en-us/powershell/module/msonline/set-msoluserlicense?view=azureadps-1.0) command.\n\n--->\n\n<!---Use text boxes to store values\n\nUse a text box to store a value that users will want to use later in the challenge — for example, an IP address, a URL, or a password. You can then retrieve the value by using an @lab variable. You can use this as copyable text in an instruction, or you can use it in a command.\n- Text boxes and labels should be indented by four spaces.\n- Press Tab after the label to force the text box onto a new line, without an extra line break.\n- Test your text box by resizing the preview pane to ensure that the text box wraps to a new line.\n\nExample\n\n- Record the name of the data loss prevention (DLP) policy you created in the following text box:\n\n    **DLP name**     \n    @lab.TextBox(DLPRuleName)\n\n    This is the value that you entered: @lab.Variable(DLPRuleName).\n\n--->\n\n<!---Writing hints in a guided challenge\n\nUse an expandable hint to provide users with the details of how to perform the action in the step. Hints can contain:\n- A video that steps users through what they need to do to perform the action in the step.\n- A screenshot that shows the correct configuration, and any UI elements the user must select in order to get to the configuration page.\n- An instructional step that uses the what / where / why structure.\n- The complete code syntax of any code that is required.\n\nEach hint should describe one instructional step. Ideally, a user who knows the product in a challenge should be able to complete a task without any help. However, if a user is stuck on an individual step, you want to provide the user with the details of how to succeed. Users should be able to expand a hint for one step without seeing any other hints for the task. This allows users to challenge themselves to complete a task with little or no help.\n\nIf you are asking users to perform an action for which you have already provided a hint—for example, you ask them to configure a user and provide a hint showing how to do this, and then you ask them to configure a second user—you do not need to provide a second hint that is a repeat of the first hint. Users can go back and look at the initial hint.\n\nAlways make sure that there is a blank line between the hint heading and your first bullet, and between your last bullet or image and the closing tag of the hint.\n\nExamples\n- Assign licenses to the new users by using the [Set-MsolUserLicense](https://docs.microsoft.com/en-us/powershell/module/msonline/set-msoluserlicense?view=azureadps-1.0) command.\n\n    >[!HINT]<details>\n    ><summary>Expand this hint for guidance on assigning a license.</summary>\n    >\n    >- Run the following command to assign licenses by using Set-MsolUserLicense command:\n    >\n    >   ```\n    >Get-MsolUser -UnlicensedUsersOnly | Set-MsolUserLicense -AddLicenses $sku\n    >```\n    >\n    >   !IMAGE[SampleImage](Placeholder.jpg)\n    >\n    ></details>\n \n- Remove the Office 365 E5 license assigned to **Beth Burke** by using the Microsoft 365 admin center.\n\n    >[!HINT]<details>\n    ><summary>Expand this hint for guidance on removing a license.</summary>\n    >\n    >- In the Microsoft 365 admin center, on the navigation menu, expand **Users**, and then select **Active users**.\n    >\n    >- Select **Beth Burke**, and then select **Manage product licenses**.\n    >\n    >   !IMAGE[SampleImage](Placeholder.jpg)\n    >\n    ></details>\n\n--->\n\n<!--- Formatting in a guided challenge\n- Use bold format for:\n - something in the UI that a user must select.\n - something that a user must verify.\n - keys on the keyboard.\n- Do not use bold format:\n - for labels.\n - to help identify the location of an item on a page.\n- Use Type Text for values that a user must type.\n- The formatting in a hint should match the formatting in the main instruction. Some users choose to use a different method of implementing what’s in the instruction that what you show in the hint, but we need to use a consistent formatting pattern across all challenges, and it's important that we make sure that the key items to configure are called out. \n\nExamples \n- Verify that the Peering status is **Connected**.\n- On the Start menu, expand **Windows Administrative Tools**, and then select **Active Directory Sites and Services**.\n- In Active Directory Sites and Services, right-click **Sites**, and then select **New Site**.\n- In the Microsoft 365 admin center, on the navigation menu, expand **Users**, and then select **Active users**.\n- Enter +++NewYork+++.\n- Press **Enter**.\n\n--->\n\n<!---Best practices for writing challenge tasks \n- Create a heading that calls out the purpose of the task. \n- If your task heading contains the word *and*, review the objectives. You may be trying to combine two tasks into one.\n- If your task contains a single step, and both the step and the heading use almost identical language, either your task is too granular, or your step is too high level.\n- Write steps that tell the learner the action to take and the specific requirements to implement, but not how to perform the action.\n- Use a hint in an advanced challenge to provide guidance on how to perform the action.\n- Use Type Text or Copy to clipboard for any values that a learner must type.\n--->\n\n\n## Check your work\n- [] Confirm that you xxx.\n- [] Confirm that you xxx.\n\n<!---Writing check your work statements\n\nEach task must contain a check your work section after the task steps. \n- Use one or more bulleted points that have check boxes.\n- Each point should begin with the word Confirm.\n- Each point should represent a key outcome of the task, but may not map directly to each step in the task.\n - In general, the check your work statements will map to the individual steps. They should never contain information that was not covered in the task.\n- Do not put verification instructions in the check your work section. If users should perform a verification step, include this in the task steps.\n\nExamples\n- [] Confirm that you created user accounts for Frano Botica and Louisa Wall.\n- [] Confirm that you assigned licenses to the new user accounts.\n- [] Confirm that you created a security group named Network Admins in the Corp > Groups OU.\n\n--->\n\n===\n# Task two heading\n\n- Task step 1.\n\n- Task step 2.\n\n===\n\n# Summary\n\nCongratulations, you have completed the **Your Challenge Title** challenge.\n\nYou have accomplished the following:\n\n- Task one summary.\n- Task two summary.\n\n<!--- Summary examples\n- Managed Active Directory group membership by using Group Policy.\n- Enumerated Active Directory group membership by using Windows PowerShell.\n- Created Office 365 user accounts.\n- Created an Office 365 group.\n--->\n\n!instructions[](https://raw.githubusercontent.com/LODSContent/ChallengeTemplates/master/Boilerplate/Feedback.md)\n\n## Other challenges in this series\n\n<!---This section is mandatory. Include any challenges in the series that relate to this challenge. Replace the sample titles. Leave one blank line between each challenge title.--->\n\n- GUIDED CHALLENGE: xxxx\n\n- ADVANCED CHALLENGE: Can You xxx?\n",
      "AppendLabDataToCloudPortalUrl": false,
      "TerminateOnFailedDeployment": false,
      "SendNotificationOnFailedDeployment": true,
      "EnableTaskProgressTracking": false,
      "EnableTaskAutoChecking": true,
      "TimeExtensionMinutes": 15,
      "TimeExtensionShowNotificationMinutes": 10,
      "ExamScoringItems": [],
      "EnableBugReporting": false,
      "BugReportEmailAddress": null,
      "DisplayDelaySeconds": null,
      "DisplayDelayMessage": null,
      "MaxActiveLabInstances": null,
      "ThemeId": 2,
      "LabTags": [],
      "LabHostTags": [],
      "VariablesJson": null,
      "InstructionsReplacementsJson": null,
      "NumVcpus": 0
    }
  ],
  "VirtualMachineProfiles": [],
  "RemovableMedia": [],
  "CloudTemplates": [],
  "AccessControlPolicies": [],
  "ContainerImages": []
}